#TYPE Microsoft.PowerShell.Commands.HistoryInfo
"Id","CommandLine","ExecutionStatus","StartExecutionTime","EndExecutionTime"
"1","C:\Users\jgrot\OneDrive\Desktop\CSI-230\csi-230\Week11\IncidentResponseToolkit.ps1","Stopped","11/13/2023 11:57:08 AM","11/13/2023 11:57:12 AM"
"2","C:\Users\jgrot\OneDrive\Desktop\CSI-230\csi-230\Week11\IncidentResponseToolkit.ps1","Stopped","11/13/2023 11:57:20 AM","11/13/2023 11:58:08 AM"
"3","q","Completed","11/13/2023 11:58:10 AM","11/13/2023 11:58:10 AM"
"4","C:\Users\jgrot\OneDrive\Desktop\CSI-230\csi-230\Week11\IncidentResponseToolkit.ps1","Stopped","11/13/2023 11:58:11 AM","11/13/2023 11:59:20 AM"
"5","C:\Users\jgrot\OneDrive\Desktop\CSI-230\csi-230\Week11\IncidentResponseToolkit.ps1","Stopped","11/13/2023 12:40:00 PM","11/13/2023 12:40:28 PM"
"6","C:\Users\jgrot\OneDrive\Desktop\CSI-230\csi-230\Week11\IncidentResponseToolkit.ps1","Stopped","11/13/2023 4:02:32 PM","11/13/2023 4:02:45 PM"
"7","C:\Users\jgrot\OneDrive\Desktop\CSI-230\csi-230\Week11\IncidentResponseToolkit.ps1","Completed","11/13/2023 4:04:04 PM","11/13/2023 4:05:37 PM"
"8","C:\Users\jgrot\OneDrive\Desktop\CSI-230\csi-230\Week11\IncidentResponseToolkit.ps1","Stopped","11/13/2023 4:15:40 PM","11/13/2023 4:16:46 PM"
"9","C:\Users\jgrot\OneDrive\Desktop\CSI-230\csi-230\Week11\IncidentResponseToolkit.ps1","Completed","11/13/2023 4:16:49 PM","11/13/2023 4:17:02 PM"
"10","C:\Users\jgrot\OneDrive\Desktop\CSI-230\csi-230\Week11\IncidentResponseToolkit.ps1","Completed","11/13/2023 4:17:42 PM","11/13/2023 4:17:55 PM"
"11","C:\Users\jgrot\OneDrive\Desktop\CSI-230\csi-230\Week11\IncidentResponseToolkit.ps1","Completed","11/13/2023 4:19:12 PM","11/13/2023 4:19:31 PM"
"12","C:\Users\jgrot\OneDrive\Desktop\CSI-230\csi-230\Week11\IncidentResponseToolkit.ps1","Completed","11/13/2023 4:20:07 PM","11/13/2023 4:20:12 PM"
"13","C:\Users\jgrot\OneDrive\Desktop\CSI-230\csi-230\Week11\IncidentResponseToolkit.ps1","Completed","11/13/2023 4:21:44 PM","11/13/2023 4:21:55 PM"
"14","C:\Users\jgrot\OneDrive\Desktop\CSI-230\csi-230\Week11\IncidentResponseToolkit.ps1","Completed","11/13/2023 4:22:29 PM","11/13/2023 4:22:43 PM"
"15","C:\Users\jgrot\OneDrive\Desktop\CSI-230\csi-230\Week11\IncidentResponseToolkit.ps1","Completed","11/13/2023 4:24:29 PM","11/13/2023 4:24:46 PM"
"16","C:\Users\jgrot\OneDrive\Desktop\CSI-230\csi-230\Week11\IncidentResponseToolkit.ps1","Stopped","11/13/2023 4:25:33 PM","11/13/2023 4:25:39 PM"
"17","C:\Users\jgrot\OneDrive\Desktop\CSI-230\csi-230\Week11\IncidentResponseToolkit.ps1","Completed","11/13/2023 4:25:41 PM","11/13/2023 4:25:49 PM"
"18","C:\Users\jgrot\OneDrive\Desktop\CSI-230\csi-230\Week11\IncidentResponseToolkit.ps1","Completed","11/13/2023 4:26:07 PM","11/13/2023 4:26:16 PM"
"19","C:\Users\jgrot\OneDrive\Desktop\CSI-230\csi-230\Week11\IncidentResponseToolkit.ps1","Completed","11/13/2023 4:30:58 PM","11/13/2023 4:31:09 PM"
"20","C:\Users\jgrot\OneDrive\Desktop\CSI-230\csi-230\Week11\IncidentResponseToolkit.ps1","Completed","11/13/2023 4:33:02 PM","11/13/2023 4:33:05 PM"
"21","C:\Users\jgrot\OneDrive\Desktop\CSI-230\csi-230\Week11\IncidentResponseToolkit.ps1","Completed","11/13/2023 4:33:08 PM","11/13/2023 4:33:11 PM"
"22","C:\Users\jgrot\OneDrive\Desktop\CSI-230\csi-230\Week11\IncidentResponseToolkit.ps1","Completed","11/13/2023 4:33:21 PM","11/13/2023 4:33:30 PM"
"23","C:\Users\jgrot\OneDrive\Desktop\CSI-230\csi-230\Week11\IncidentResponseToolkit.ps1","Completed","11/13/2023 4:33:45 PM","11/13/2023 4:33:48 PM"
"24","C:\Users\jgrot\OneDrive\Desktop\CSI-230\csi-230\Week11\IncidentResponseToolkit.ps1","Completed","11/13/2023 4:33:58 PM","11/13/2023 4:34:06 PM"
"25","C:\Users\jgrot\OneDrive\Desktop\CSI-230\csi-230\Week11\IncidentResponseToolkit.ps1","Completed","11/13/2023 4:38:40 PM","11/13/2023 4:38:57 PM"
"26","C:\Users\jgrot\OneDrive\Desktop\CSI-230\csi-230\Week11\IncidentResponseToolkit.ps1","Completed","11/13/2023 4:42:41 PM","11/13/2023 4:42:50 PM"
"27","C:\Users\jgrot\OneDrive\Desktop\CSI-230\csi-230\Week11\IncidentResponseToolkit.ps1","Completed","11/13/2023 4:44:02 PM","11/13/2023 4:44:11 PM"
"28","C:\Users\jgrot\OneDrive\Desktop\CSI-230\csi-230\Week11\IncidentResponseToolkit.ps1","Completed","11/13/2023 4:49:50 PM","11/13/2023 4:50:06 PM"
"29","C:\Users\jgrot\OneDrive\Desktop\CSI-230\csi-230\Week11\IncidentResponseToolkit.ps1","Completed","11/13/2023 4:50:44 PM","11/13/2023 4:51:04 PM"
"30","C:\Users\jgrot\OneDrive\Desktop\CSI-230\csi-230\Week11\IncidentResponseToolkit.ps1","Completed","11/13/2023 4:51:18 PM","11/13/2023 4:51:26 PM"
"31","C:\Users\jgrot\OneDrive\Desktop\CSI-230\csi-230\Week11\IncidentResponseToolkit.ps1","Completed","11/13/2023 4:51:57 PM","11/13/2023 4:52:01 PM"
"32","C:\Users\jgrot\OneDrive\Desktop\CSI-230\csi-230\Week11\IncidentResponseToolkit.ps1","Completed","11/13/2023 5:07:49 PM","11/13/2023 5:08:22 PM"
