#TYPE Selected.System.Management.ManagementObject
"Name","PathName"
"AJRouter","C:\Windows\system32\svchost.exe -k LocalServiceNetworkRestricted -p"
"ALG","C:\Windows\System32\alg.exe"
"AppIDSvc","C:\Windows\system32\svchost.exe -k LocalServiceNetworkRestricted -p"
"Appinfo","C:\Windows\system32\svchost.exe -k netsvcs -p"
"AppReadiness","C:\Windows\System32\svchost.exe -k AppReadiness -p"
"AppXSvc","C:\Windows\system32\svchost.exe -k wsappx -p"
"AudioEndpointBuilder","C:\Windows\System32\svchost.exe -k LocalSystemNetworkRestricted -p"
"Audiosrv","C:\Windows\System32\svchost.exe -k LocalServiceNetworkRestricted -p"
"autotimesvc","C:\Windows\system32\svchost.exe -k autoTimeSvc"
"AxInstSV","C:\Windows\system32\svchost.exe -k AxInstSVGroup"
"BDESVC","C:\Windows\System32\svchost.exe -k netsvcs -p"
"BFE","C:\Windows\system32\svchost.exe -k LocalServiceNoNetworkFirewall -p"
"BITS","C:\Windows\System32\svchost.exe -k netsvcs -p"
"BrokerInfrastructure","C:\Windows\system32\svchost.exe -k DcomLaunch -p"
"BTAGService","C:\Windows\system32\svchost.exe -k LocalServiceNetworkRestricted"
"BthAvctpSvc","C:\Windows\system32\svchost.exe -k LocalService -p"
"bthserv","C:\Windows\system32\svchost.exe -k LocalService -p"
"camsvc","C:\Windows\system32\svchost.exe -k appmodel -p"
"CDPSvc","C:\Windows\system32\svchost.exe -k LocalService -p"
"CertPropSvc","C:\Windows\system32\svchost.exe -k netsvcs"
"ClickToRunSvc","""C:\Program Files\Common Files\Microsoft Shared\ClickToRun\OfficeClickToRun.exe"" /service"
"ClipSVC","C:\Windows\System32\svchost.exe -k wsappx -p"
"COMSysApp","C:\Windows\system32\dllhost.exe /Processid:{02D4B3F1-FD88-11D1-960D-00805FC79235}"
"CoreMessagingRegistrar","C:\Windows\system32\svchost.exe -k LocalServiceNoNetwork -p"
"cplspcon","C:\Windows\System32\DriverStore\FileRepository\iigd_dch.inf_amd64_3fd734cf72127ac9\IntelCpHDCPSvc.exe"
"CryptSvc","C:\Windows\system32\svchost.exe -k NetworkService -p"
"DcomLaunch","C:\Windows\system32\svchost.exe -k DcomLaunch -p"
"dcpm-notify","""C:\Program Files\Dell\CommandPowerManager\NotifyService.exe"""
"dcsvc","C:\Windows\system32\svchost.exe -k netsvcs -p"
"DDVCollectorSvcApi","""C:\Program Files\Dell\DellDataVault\DDVCollectorSvcApi.exe"""
"DDVDataCollector","""C:\Program Files\Dell\DellDataVault\DDVDataCollector.exe"""
"DDVRulesProcessor","""C:\Program Files\Dell\DellDataVault\DDVRulesProcessor.exe"""
"defragsvc","C:\Windows\system32\svchost.exe -k defragsvc"
"Dell Digital Delivery Services","""C:\Program Files (x86)\Dell Digital Delivery Services\Dell.D3.WinSvc.exe"""
"Dell SupportAssist Remediation","""C:\Program Files\Dell\SARemediation\agent\DellSupportAssistRemedationService.exe"""
"Dell.CommandPowerManager.Service","C:\Windows\system32\dllhost.exe /Processid:{441D7C13-EA07-4157-A639-08F9DD0200EC}"
"DellClientManagementService","""C:\Program Files (x86)\Dell\UpdateService\ServiceShell.exe"""
"DellTechHub","""C:\Program Files\Dell\TechHub\Dell.TechHub.exe"""
"DeviceAssociationService","C:\Windows\system32\svchost.exe -k LocalSystemNetworkRestricted -p"
"DeviceInstall","C:\Windows\system32\svchost.exe -k DcomLaunch -p"
"DevQueryBroker","C:\Windows\system32\svchost.exe -k LocalSystemNetworkRestricted -p"
"Dhcp","C:\Windows\system32\svchost.exe -k LocalServiceNetworkRestricted -p"
"diagnosticshub.standardcollector.service","C:\Windows\system32\DiagSvcs\DiagnosticsHub.StandardCollector.Service.exe"
"diagsvc","C:\Windows\System32\svchost.exe -k diagnostics"
"DiagTrack","C:\Windows\System32\svchost.exe -k utcsvc -p"
"DispBrokerDesktopSvc","C:\Windows\system32\svchost.exe -k LocalService -p"
"DisplayEnhancementService","C:\Windows\system32\svchost.exe -k LocalSystemNetworkRestricted -p"
"DmEnrollmentSvc","C:\Windows\system32\svchost.exe -k netsvcs -p"
"dmwappushservice","C:\Windows\system32\svchost.exe -k netsvcs -p"
"Dnscache","C:\Windows\system32\svchost.exe -k NetworkService -p"
"DoSvc","C:\Windows\System32\svchost.exe -k NetworkService -p"
"dot3svc","C:\Windows\system32\svchost.exe -k LocalSystemNetworkRestricted -p"
"DPS","C:\Windows\System32\svchost.exe -k LocalServiceNoNetwork -p"
"DsmSvc","C:\Windows\system32\svchost.exe -k netsvcs -p"
"DsSvc","C:\Windows\System32\svchost.exe -k LocalSystemNetworkRestricted -p"
"DusmSvc","C:\Windows\System32\svchost.exe -k LocalServiceNetworkRestricted -p"
"Eaphost","C:\Windows\System32\svchost.exe -k netsvcs -p"
"edgeupdate","""C:\Program Files (x86)\Microsoft\EdgeUpdate\MicrosoftEdgeUpdate.exe"" /svc"
"edgeupdatem","""C:\Program Files (x86)\Microsoft\EdgeUpdate\MicrosoftEdgeUpdate.exe"" /medsvc"
"EFS","C:\Windows\System32\lsass.exe"
"embeddedmode","C:\Windows\System32\svchost.exe -k LocalSystemNetworkRestricted -p"
"EntAppSvc","C:\Windows\system32\svchost.exe -k appmodel -p"
"esifsvc","""C:\Windows\System32\DriverStore\FileRepository\dptf_cpu.inf_amd64_1da48d5885266bb7\esif_uf.exe"""
"EventLog","C:\Windows\System32\svchost.exe -k LocalServiceNetworkRestricted -p"
"EventSystem","C:\Windows\system32\svchost.exe -k LocalService -p"
"Fax","C:\Windows\system32\fxssvc.exe"
"fdPHost","C:\Windows\system32\svchost.exe -k LocalService -p"
"FDResPub","C:\Windows\system32\svchost.exe -k LocalServiceAndNoImpersonation -p"
"fhsvc","C:\Windows\system32\svchost.exe -k LocalSystemNetworkRestricted -p"
"FontCache","C:\Windows\system32\svchost.exe -k LocalService -p"
"FontCache3.0.0.0","C:\Windows\Microsoft.Net\Framework64\v3.0\WPF\PresentationFontCache.exe"
"FrameServer","C:\Windows\System32\svchost.exe -k Camera"
"GameInput Service","""C:\Program Files (x86)\Microsoft GameInput\x64\gameinputsvc.exe"""
"GoogleChromeElevationService","""C:\Program Files\Google\Chrome\Application\119.0.6045.124\elevation_service.exe"""
"gpsvc","C:\Windows\system32\svchost.exe -k netsvcs -p"
"GraphicsPerfSvc","C:\Windows\System32\svchost.exe -k GraphicsPerfSvcGroup"
"gupdate","""C:\Program Files (x86)\Google\Update\GoogleUpdate.exe"" /svc"
"gupdatem","""C:\Program Files (x86)\Google\Update\GoogleUpdate.exe"" /medsvc"
"hidserv","C:\Windows\system32\svchost.exe -k LocalSystemNetworkRestricted -p"
"hns","C:\Windows\system32\svchost.exe -k NetSvcs -p"
"HvHost","C:\Windows\system32\svchost.exe -k LocalSystemNetworkRestricted -p"
"iaStorAfsService","C:\Windows\System32\iaStorAfsService.exe"
"icssvc","C:\Windows\system32\svchost.exe -k LocalServiceNetworkRestricted -p"
"igccservice","""C:\Windows\System32\DriverStore\FileRepository\igcc_dch.inf_amd64_a687edda40db3316\OneApp.IGCC.WinService.exe"""
"igfxCUIService2.0.0.0","C:\Windows\System32\DriverStore\FileRepository\cui_dch.inf_amd64_6673c5322430fc8a\igfxCUIServiceN.exe"
"IKEEXT","C:\Windows\system32\svchost.exe -k netsvcs -p"
"InstallService","C:\Windows\System32\svchost.exe -k netsvcs -p"
"Intel(R) Capability Licensing Service TCP IP Interface","C:\Windows\System32\DriverStore\FileRepository\iclsclient.inf_amd64_367008a610747d24\lib\SocketHeciServer.exe"
"Intel(R) TPM Provisioning Service","C:\Windows\System32\DriverStore\FileRepository\iclsclient.inf_amd64_367008a610747d24\lib\TPMProvisioningService.exe"
"IntelAudioService","C:\Windows\System32\DriverStore\FileRepository\intcoed.inf_amd64_c34ea2dc251566b0\\AS\\IAS\\IntelAudioService.exe"
"iphlpsvc","C:\Windows\System32\svchost.exe -k NetSvcs -p"
"IpxlatCfgSvc","C:\Windows\System32\svchost.exe -k LocalSystemNetworkRestricted -p"
"JetBrainsEtwHost.16","""C:\Program Files\JetBrains\ETW Host\16\JetBrains.Etw.Collector.Host.exe"""
"jhi_service","C:\Windows\System32\DriverStore\FileRepository\dal.inf_amd64_64d7fcfcde9b9c10\jhi_service.exe"
"KeyIso","C:\Windows\system32\lsass.exe"
"KtmRm","C:\Windows\System32\svchost.exe -k NetworkServiceAndNoImpersonation -p"
"LanmanServer","C:\Windows\system32\svchost.exe -k netsvcs -p"
"LanmanWorkstation","C:\Windows\System32\svchost.exe -k NetworkService -p"
"lfsvc","C:\Windows\system32\svchost.exe -k netsvcs -p"
"LicenseManager","C:\Windows\System32\svchost.exe -k LocalService -p"
"lltdsvc","C:\Windows\System32\svchost.exe -k LocalService -p"
"lmhosts","C:\Windows\System32\svchost.exe -k LocalServiceNetworkRestricted -p"
"LMS","C:\Windows\System32\DriverStore\FileRepository\lms.inf_amd64_fddb643595e0b8d0\LMS.exe"
"LSM","C:\Windows\system32\svchost.exe -k DcomLaunch -p"
"LxpSvc","C:\Windows\system32\svchost.exe -k netsvcs"
"LxssManager","C:\Windows\system32\svchost.exe -k netsvcs -p"
"MapsBroker","C:\Windows\System32\svchost.exe -k NetworkService -p"
"McAfee WebAdvisor","""C:\Program Files\McAfee\WebAdvisor\ServiceHost.exe"""
"McpManagementService","C:\Windows\system32\svchost.exe -k McpManagementServiceGroup"
"MicrosoftEdgeElevationService","""C:\Program Files (x86)\Microsoft\Edge\Application\119.0.2151.58\elevation_service.exe"""
"MixedRealityOpenXRSvc","C:\Windows\system32\svchost.exe -k LocalSystemNetworkRestricted -p"
"MozillaMaintenance","""C:\Program Files (x86)\Mozilla Maintenance Service\maintenanceservice.exe"""
"mpssvc","C:\Windows\system32\svchost.exe -k LocalServiceNoNetworkFirewall -p"
"MSDTC","C:\Windows\System32\msdtc.exe"
"MSiSCSI","C:\Windows\system32\svchost.exe -k netsvcs -p"
"msiserver","C:\Windows\system32\msiexec.exe /V"
"MySQL80","""C:\Program Files\MySQL\MySQL Server 8.0\bin\mysqld.exe"" --defaults-file=""C:\ProgramData\MySQL\MySQL Server 8.0\my.ini"" MySQL80"
"NaturalAuthentication","C:\Windows\system32\svchost.exe -k netsvcs -p"
"NcaSvc","C:\Windows\System32\svchost.exe -k NetSvcs -p"
"NcbService","C:\Windows\System32\svchost.exe -k LocalSystemNetworkRestricted -p"
"NcdAutoSetup","C:\Windows\System32\svchost.exe -k LocalServiceNoNetwork -p"
"Netlogon","C:\Windows\system32\lsass.exe"
"Netman","C:\Windows\System32\svchost.exe -k LocalSystemNetworkRestricted -p"
"netprofm","C:\Windows\System32\svchost.exe -k LocalService -p"
"NetSetupSvc","C:\Windows\System32\svchost.exe -k netsvcs -p"
"NetTcpPortSharing","C:\Windows\Microsoft.NET\Framework64\v4.0.30319\SMSvcHost.exe"
"NgcCtnrSvc","C:\Windows\system32\svchost.exe -k LocalServiceNetworkRestricted -p"
"NgcSvc","C:\Windows\system32\svchost.exe -k LocalSystemNetworkRestricted -p"
"NlaSvc","C:\Windows\System32\svchost.exe -k NetworkService -p"
"nsi","C:\Windows\system32\svchost.exe -k LocalService -p"
"nvagent","C:\Windows\system32\svchost.exe -k NetSvcs"
"p2pimsvc","C:\Windows\System32\svchost.exe -k LocalServicePeerNet"
"p2psvc","C:\Windows\System32\svchost.exe -k LocalServicePeerNet"
"PcaSvc","C:\Windows\system32\svchost.exe -k LocalSystemNetworkRestricted -p"
"perceptionsimulation","C:\Windows\system32\PerceptionSimulation\PerceptionSimulationService.exe"
"PerfHost","C:\Windows\SysWow64\perfhost.exe"
"PhoneSvc","C:\Windows\system32\svchost.exe -k LocalService -p"
"pla","C:\Windows\System32\svchost.exe -k LocalServiceNoNetwork -p"
"PlugPlay","C:\Windows\system32\svchost.exe -k DcomLaunch -p"
"PNRPAutoReg","C:\Windows\System32\svchost.exe -k LocalServicePeerNet"
"PNRPsvc","C:\Windows\System32\svchost.exe -k LocalServicePeerNet"
"PolicyAgent","C:\Windows\system32\svchost.exe -k NetworkServiceNetworkRestricted -p"
"Power","C:\Windows\system32\svchost.exe -k DcomLaunch -p"
"PrintNotify","C:\Windows\system32\svchost.exe -k print"
"ProfSvc","C:\Windows\system32\svchost.exe -k netsvcs -p"
"PushToInstall","C:\Windows\System32\svchost.exe -k netsvcs -p"
"QWAVE","C:\Windows\system32\svchost.exe -k LocalServiceAndNoImpersonation -p"
"RAPSService","""C:\Program Files\Rivet Networks\SmartByte\RAPSService.exe"""
"RasAuto","C:\Windows\System32\svchost.exe -k netsvcs -p"
"RasMan","C:\Windows\System32\svchost.exe -k netsvcs"
"RemoteAccess","C:\Windows\System32\svchost.exe -k netsvcs"
"RemoteRegistry","C:\Windows\system32\svchost.exe -k localService -p"
"RetailDemo","C:\Windows\System32\svchost.exe -k rdxgroup"
"RmSvc","C:\Windows\System32\svchost.exe -k LocalServiceNetworkRestricted"
"RNDBWM","""C:\Program Files\Rivet Networks\SmartByte\RNDBWMService.exe"""
"RpcEptMapper","C:\Windows\system32\svchost.exe -k RPCSS -p"
"RpcLocator","C:\Windows\system32\locator.exe"
"RpcSs","C:\Windows\system32\svchost.exe -k rpcss -p"
"RstMwService","C:\Windows\System32\DriverStore\FileRepository\iastorvd.inf_amd64_15c9ea6001a5206d\RstMwService.exe"
"RtkAudioUniversalService","""C:\Windows\System32\DriverStore\FileRepository\realtekservice.inf_amd64_444148fa7298b49f\RtkAudUService64.exe"""
"SamSs","C:\Windows\system32\lsass.exe"
"SCardSvr","C:\Windows\system32\svchost.exe -k LocalServiceAndNoImpersonation"
"ScDeviceEnum","C:\Windows\system32\svchost.exe -k LocalSystemNetworkRestricted"
"Schedule","C:\Windows\system32\svchost.exe -k netsvcs -p"
"SCPolicySvc","C:\Windows\system32\svchost.exe -k netsvcs"
"SDRSVC","C:\Windows\system32\svchost.exe -k SDRSVC"
"seclogon","C:\Windows\system32\svchost.exe -k netsvcs -p"
"SecurityHealthService","C:\Windows\system32\SecurityHealthService.exe"
"SEMgrSvc","C:\Windows\system32\svchost.exe -k LocalService -p"
"SENS","C:\Windows\system32\svchost.exe -k netsvcs -p"
"SensorDataService","C:\Windows\System32\SensorDataService.exe"
"SensorService","C:\Windows\system32\svchost.exe -k LocalSystemNetworkRestricted -p"
"SensrSvc","C:\Windows\system32\svchost.exe -k LocalServiceAndNoImpersonation -p"
"SessionEnv","C:\Windows\System32\svchost.exe -k netsvcs -p"
"SessionSvc","C:\Windows\System32\drivers\GoodixSessionService.exe"
"SgrmBroker","C:\Windows\system32\SgrmBroker.exe"
"SharedAccess","C:\Windows\System32\svchost.exe -k netsvcs -p"
"SharedRealitySvc","C:\Windows\system32\svchost.exe -k LocalService -p"
"ShellHWDetection","C:\Windows\System32\svchost.exe -k netsvcs -p"
"shpamsvc","C:\Windows\System32\svchost.exe -k netsvcs -p"
"SmartByte Analytics Service","""C:\Program Files\Rivet Networks\SmartByte\SmartByteAnalyticsService.exe"""
"SmartByte Network Service x64","""C:\Program Files\Rivet Networks\SmartByte\SmartByteNetworkService.exe"""
"smphost","C:\Windows\System32\svchost.exe -k smphost"
"SmsRouter","C:\Windows\system32\svchost.exe -k LocalServiceNetworkRestricted -p"
"SNMPTRAP","C:\Windows\System32\snmptrap.exe"
"spectrum","C:\Windows\system32\spectrum.exe"
"Spooler","C:\Windows\System32\spoolsv.exe"
"sppsvc","C:\Windows\system32\sppsvc.exe"
"SSDPSRV","C:\Windows\system32\svchost.exe -k LocalServiceAndNoImpersonation -p"
"ssh-agent","C:\Windows\System32\OpenSSH\ssh-agent.exe"
"SstpSvc","C:\Windows\system32\svchost.exe -k LocalService -p"
"StateRepository","C:\Windows\system32\svchost.exe -k appmodel -p"
"Steam Client Service","""C:\Program Files (x86)\Common Files\Steam\steamservice.exe"" /RunAsService"
"stisvc","C:\Windows\system32\svchost.exe -k imgsvc"
"StorSvc","C:\Windows\System32\svchost.exe -k LocalSystemNetworkRestricted -p"
"SupportAssistAgent","""C:\Program Files\Dell\SupportAssistAgent\bin\SupportAssistAgent.exe"""
"svsvc","C:\Windows\system32\svchost.exe -k LocalSystemNetworkRestricted -p"
"swprv","C:\Windows\System32\svchost.exe -k swprv"
"SysMain","C:\Windows\system32\svchost.exe -k LocalSystemNetworkRestricted -p"
"SystemEventsBroker","C:\Windows\system32\svchost.exe -k DcomLaunch -p"
"TabletInputService","C:\Windows\System32\svchost.exe -k LocalSystemNetworkRestricted -p"
"TapiSrv","C:\Windows\System32\svchost.exe -k NetworkService -p"
"TbtP2pShortcutService","C:\Windows\TbtP2pShortcutService.exe"
"TermService","C:\Windows\System32\svchost.exe -k NetworkService"
"Themes","C:\Windows\System32\svchost.exe -k netsvcs -p"
"TieringEngineService","C:\Windows\system32\TieringEngineService.exe"
"TimeBrokerSvc","C:\Windows\system32\svchost.exe -k LocalServiceNetworkRestricted -p"
"TokenBroker","C:\Windows\system32\svchost.exe -k netsvcs -p"
"TrkWks","C:\Windows\System32\svchost.exe -k LocalSystemNetworkRestricted -p"
"TroubleshootingSvc","C:\Windows\system32\svchost.exe -k netsvcs -p"
"TrustedInstaller","C:\Windows\servicing\TrustedInstaller.exe"
"tzautoupdate","C:\Windows\system32\svchost.exe -k LocalService -p"
"uhssvc","""C:\Program Files\Microsoft Update Health Tools\uhssvc.exe"""
"UmRdpService","C:\Windows\System32\svchost.exe -k LocalSystemNetworkRestricted -p"
"upnphost","C:\Windows\system32\svchost.exe -k LocalServiceAndNoImpersonation -p"
"UserManager","C:\Windows\system32\svchost.exe -k netsvcs -p"
"UsoSvc","C:\Windows\system32\svchost.exe -k netsvcs -p"
"VacSvc","C:\Windows\System32\svchost.exe -k LocalServiceNetworkRestricted -p"
"VaultSvc","C:\Windows\system32\lsass.exe"
"VBoxSDS","""C:\Program Files\Oracle\VirtualBox\VBoxSDS.exe"""
"vds","C:\Windows\System32\vds.exe"
"vmcompute","C:\Windows\system32\vmcompute.exe"
"vmicguestinterface","C:\Windows\system32\svchost.exe -k LocalSystemNetworkRestricted -p"
"vmicheartbeat","C:\Windows\system32\svchost.exe -k ICService -p"
"vmickvpexchange","C:\Windows\system32\svchost.exe -k LocalSystemNetworkRestricted -p"
"vmicrdv","C:\Windows\system32\svchost.exe -k ICService -p"
"vmicshutdown","C:\Windows\system32\svchost.exe -k LocalSystemNetworkRestricted -p"
"vmictimesync","C:\Windows\system32\svchost.exe -k LocalServiceNetworkRestricted -p"
"vmicvmsession","C:\Windows\system32\svchost.exe -k LocalSystemNetworkRestricted -p"
"vmicvss","C:\Windows\system32\svchost.exe -k LocalSystemNetworkRestricted -p"
"VSInstallerElevationService","C:\Program Files (x86)\Microsoft Visual Studio\Installer\VSInstallerElevationService.exe"
"VSS","C:\Windows\system32\vssvc.exe"
"VSStandardCollectorService150","""C:\Program Files (x86)\Microsoft Visual Studio\Shared\Common\DiagnosticsHub.Collection.Service\StandardCollector.Service.exe"""
"W32Time","C:\Windows\system32\svchost.exe -k LocalService"
"WaaSMedicSvc","C:\Windows\system32\svchost.exe -k wusvcs -p"
"WalletService","C:\Windows\System32\svchost.exe -k appmodel -p"
"WarpJITSvc","C:\Windows\System32\svchost.exe -k LocalServiceNetworkRestricted"
"WavesAudioService","C:\Windows\System32\DriverStore\FileRepository\wavesapo10de.inf_amd64_f7373b847419c8d1\WavesAudioService.exe"
"WavesSysSvc","C:\Windows\System32\DriverStore\FileRepository\wavesapo10de.inf_amd64_f7373b847419c8d1\WavesSysSvc64.exe"
"wbengine","""C:\Windows\system32\wbengine.exe"""
"WbioSrvc","C:\Windows\system32\svchost.exe -k WbioSvcGroup"
"Wcmsvc","C:\Windows\system32\svchost.exe -k LocalServiceNetworkRestricted -p"
"wcncsvc","C:\Windows\System32\svchost.exe -k LocalServiceAndNoImpersonation -p"
"WdiServiceHost","C:\Windows\System32\svchost.exe -k LocalService -p"
"WdiSystemHost","C:\Windows\System32\svchost.exe -k LocalSystemNetworkRestricted -p"
"WdNisSvc","""C:\ProgramData\Microsoft\Windows Defender\Platform\4.18.23100.2009-0\NisSrv.exe"""
"WebClient","C:\Windows\system32\svchost.exe -k LocalService -p"
"Wecsvc","C:\Windows\system32\svchost.exe -k NetworkService -p"
"WEPHOSTSVC","C:\Windows\system32\svchost.exe -k WepHostSvcGroup"
"wercplsupport","C:\Windows\System32\svchost.exe -k netsvcs -p"
"WerSvc","C:\Windows\System32\svchost.exe -k WerSvcGroup"
"WFDSConMgrSvc","C:\Windows\system32\svchost.exe -k LocalServiceNetworkRestricted -p"
"WiaRpc","C:\Windows\system32\svchost.exe -k LocalSystemNetworkRestricted -p"
"WinDefend","""C:\ProgramData\Microsoft\Windows Defender\Platform\4.18.23100.2009-0\MsMpEng.exe"""
"WinHttpAutoProxySvc","C:\Windows\system32\svchost.exe -k LocalServiceNetworkRestricted -p"
"Winmgmt","C:\Windows\system32\svchost.exe -k netsvcs -p"
"WinRM","C:\Windows\System32\svchost.exe -k NetworkService -p"
"wisvc","C:\Windows\system32\svchost.exe -k netsvcs -p"
"WlanSvc","C:\Windows\system32\svchost.exe -k LocalSystemNetworkRestricted -p"
"wlidsvc","C:\Windows\system32\svchost.exe -k netsvcs -p"
"wlpasvc","C:\Windows\system32\svchost.exe -k LocalServiceNetworkRestricted -p"
"WManSvc","C:\Windows\system32\svchost.exe -k netsvcs -p"
"wmiApSrv","C:\Windows\system32\wbem\WmiApSrv.exe"
"WMIRegistrationService","C:\Windows\System32\DriverStore\FileRepository\mewmiprov.inf_amd64_f3c201b4c28c14d0\WMIRegistrationService.exe"
"WMPNetworkSvc","""C:\Program Files\Windows Media Player\wmpnetwk.exe"""
"workfolderssvc","C:\Windows\System32\svchost.exe -k LocalService -p"
"WpcMonSvc","C:\Windows\system32\svchost.exe -k LocalService"
"WPDBusEnum","C:\Windows\system32\svchost.exe -k LocalSystemNetworkRestricted"
"WpnService","C:\Windows\system32\svchost.exe -k netsvcs -p"
"wscsvc","C:\Windows\System32\svchost.exe -k LocalServiceNetworkRestricted -p"
"WSearch","C:\Windows\system32\SearchIndexer.exe /Embedding"
"WslService","C:\Program Files\WindowsApps\MicrosoftCorporationII.WindowsSubsystemForLinux_1.2.5.0_x64__8wekyb3d8bbwe\wslservice.exe"
"wuauserv","C:\Windows\system32\svchost.exe -k netsvcs -p"
"WwanSvc","C:\Windows\system32\svchost.exe -k LocalSystemNetworkRestricted -p"
"XblAuthManager","C:\Windows\system32\svchost.exe -k netsvcs -p"
"XblGameSave","C:\Windows\system32\svchost.exe -k netsvcs -p"
"XboxGipSvc","C:\Windows\system32\svchost.exe -k netsvcs -p"
"XboxNetApiSvc","C:\Windows\system32\svchost.exe -k netsvcs -p"
"AarSvc_10ba8f","C:\Windows\system32\svchost.exe -k AarSvcGroup -p"
"BcastDVRUserService_10ba8f","C:\Windows\system32\svchost.exe -k BcastDVRUserService"
"BluetoothUserService_10ba8f","C:\Windows\system32\svchost.exe -k BthAppGroup -p"
"CaptureService_10ba8f","C:\Windows\system32\svchost.exe -k LocalService -p"
"cbdhsvc_10ba8f","C:\Windows\system32\svchost.exe -k ClipboardSvcGroup -p"
"CDPUserSvc_10ba8f","C:\Windows\system32\svchost.exe -k UnistackSvcGroup"
"ConsentUxUserSvc_10ba8f","C:\Windows\system32\svchost.exe -k DevicesFlow"
"CredentialEnrollmentManagerUserSvc_10ba8f","C:\Windows\system32\CredentialEnrollmentManager.exe"
"DeviceAssociationBrokerSvc_10ba8f","C:\Windows\system32\svchost.exe -k DevicesFlow -p"
"DevicePickerUserSvc_10ba8f","C:\Windows\system32\svchost.exe -k DevicesFlow"
"DevicesFlowUserSvc_10ba8f","C:\Windows\system32\svchost.exe -k DevicesFlow"
"LxssManagerUser_10ba8f","C:\Windows\system32\svchost.exe -k LxssManagerUser -p"
"MessagingService_10ba8f","C:\Windows\system32\svchost.exe -k UnistackSvcGroup"
"OneSyncSvc_10ba8f","C:\Windows\system32\svchost.exe -k UnistackSvcGroup"
"PimIndexMaintenanceSvc_10ba8f","C:\Windows\system32\svchost.exe -k UnistackSvcGroup"
"PrintWorkflowUserSvc_10ba8f","C:\Windows\system32\svchost.exe -k PrintWorkflow"
"UdkUserSvc_10ba8f","C:\Windows\system32\svchost.exe -k UdkSvcGroup"
"UnistoreSvc_10ba8f","C:\Windows\System32\svchost.exe -k UnistackSvcGroup"
"UserDataSvc_10ba8f","C:\Windows\system32\svchost.exe -k UnistackSvcGroup"
"WpnUserService_10ba8f","C:\Windows\system32\svchost.exe -k UnistackSvcGroup"
"GamingServicesNet","C:\Program Files\WindowsApps\Microsoft.GamingServices_16.83.3001.0_x64__8wekyb3d8bbwe\GamingServicesNet.exe"
"GamingServices","C:\Program Files\WindowsApps\Microsoft.GamingServices_16.83.3001.0_x64__8wekyb3d8bbwe\GamingServices.exe"
