#TYPE Selected.System.Diagnostics.Process
"PorcessName","Path","Id"
,"C:\Windows\system32\ApplicationFrameHost.exe","10416"
,"C:\Windows\system32\AUDIODG.EXE","18228"
,"C:\Windows\System32\CompPkgSrv.exe","23504"
,"C:\Windows\system32\conhost.exe","4364"
,"C:\Windows\system32\conhost.exe","4796"
,"C:\Windows\system32\conhost.exe","7056"
,"C:\Windows\system32\conhost.exe","10160"
,"C:\Windows\system32\conhost.exe","11096"
,"C:\Windows\system32\conhost.exe","11576"
,"C:\Windows\system32\conhost.exe","16580"
,"C:\Windows\system32\conhost.exe","16968"
,,"848"
,,"1004"
,"C:\Windows\system32\ctfmon.exe","9340"
,"C:\Windows\system32\dashost.exe","3948"
,"C:\Windows\system32\dashost.exe","7788"
,"C:\Program Files\Dell\DellDataVault\DDVCollectorSvcApi.exe","16852"
,"C:\Program Files\Dell\DellDataVault\DDVDataCollector.exe","10956"
,"C:\Program Files\Dell\DellDataVault\DDVRulesProcessor.exe","16884"
,"C:\Program Files (x86)\Dell Digital Delivery Services\Dell.D3.WinSvc.exe","15100"
,"C:\Program Files (x86)\Dell\UpdateService\DCF\Dell.DCF.UA.Bradbury.API.SubAgent.exe","11012"
,"C:\Program Files\Dell\TechHub\Dell.TechHub.exe","14856"
,"C:\Program Files\Dell\DTP\AnalyticsSubAgent\Dell.TechHub.Analytics.SubAgent.exe","16996"
,"C:\Program Files\Dell\DTP\DataManagerSubAgent\Dell.TechHub.DataManager.SubAgent.exe","8596"
,"C:\Program Files\Dell\DTP\DiagnosticsSubAgent\Dell.TechHub.Diagnostics.SubAgent.exe","8672"
,"C:\Program Files\Dell\DTP\InstrumentationSubAgent\Dell.TechHub.Instrumentation.SubAgent.exe","3596"
,"C:\Program Files\Dell\DTP\InstrumentationSubAgent\Dell.TechHub.Instrumentation.UserProcess.exe","4564"
,"C:\Program Files\Dell\SARemediation\agent\DellSupportAssistRemedationService.exe","12092"
,"C:\Users\jgrot\AppData\Local\Discord\app-1.0.9023\Discord.exe","3808"
,"C:\Users\jgrot\AppData\Local\Discord\app-1.0.9023\Discord.exe","11728"
,"C:\Users\jgrot\AppData\Local\Discord\app-1.0.9023\Discord.exe","12696"
,"C:\Users\jgrot\AppData\Local\Discord\app-1.0.9023\Discord.exe","15532"
,"C:\Users\jgrot\AppData\Local\Discord\app-1.0.9023\Discord.exe","16672"
,"C:\Users\jgrot\AppData\Local\Discord\app-1.0.9023\Discord.exe","18324"
,"C:\Windows\system32\DllHost.exe","8692"
,"C:\Windows\system32\DllHost.exe","11816"
,"C:\Windows\System32\DriverStore\FileRepository\dptf_cpu.inf_amd64_1da48d5885266bb7\dptf_helper.exe","1112"
,"C:\Windows\system32\dwm.exe","1576"
,"C:\Windows\System32\DriverStore\FileRepository\dptf_cpu.inf_amd64_1da48d5885266bb7\esif_uf.exe","4768"
,"C:\Windows\explorer.exe","17236"
,"C:\Program Files\Mozilla Firefox\firefox.exe","764"
,"C:\Program Files\Mozilla Firefox\firefox.exe","1724"
,"C:\Program Files\Mozilla Firefox\firefox.exe","4116"
,"C:\Program Files\Mozilla Firefox\firefox.exe","8148"
,"C:\Program Files\Mozilla Firefox\firefox.exe","10604"
,"C:\Program Files\Mozilla Firefox\firefox.exe","16800"
,"C:\Program Files\Mozilla Firefox\firefox.exe","18284"
,"C:\Program Files\Mozilla Firefox\firefox.exe","19932"
,"C:\Program Files\Mozilla Firefox\firefox.exe","20540"
,"C:\Program Files\Mozilla Firefox\firefox.exe","21876"
,"C:\Program Files\Mozilla Firefox\firefox.exe","22232"
,"C:\Program Files\Mozilla Firefox\firefox.exe","23228"
,"C:\Program Files\Mozilla Firefox\firefox.exe","23584"
,"C:\Program Files\Mozilla Firefox\firefox.exe","24460"
,"C:\Windows\system32\fontdrvhost.exe","1148"
,"C:\Windows\system32\fontdrvhost.exe","1156"
,"C:\Program Files (x86)\Microsoft GameInput\x64\gameinputsvc.exe","4620"
,"C:\Program Files (x86)\Microsoft GameInput\x64\gameinputsvc.exe","4948"
,"C:\Program Files\WindowsApps\Microsoft.GamingServices_16.83.3001.0_x64__8wekyb3d8bbwe\GamingServices.exe","17416"
,"C:\Program Files\WindowsApps\Microsoft.GamingServices_16.83.3001.0_x64__8wekyb3d8bbwe\GamingServicesNet.exe","15748"
,"C:\Windows\System32\drivers\GoodixSessionService.exe","5048"
,"C:\Program Files (x86)\Google\Update\1.3.36.312\GoogleCrashHandler.exe","12044"
,"C:\Program Files (x86)\Google\Update\1.3.36.312\GoogleCrashHandler64.exe","12064"
,"C:\Windows\helppane.exe","19544"
,,"0"
,"C:\Windows\System32\DriverStore\FileRepository\cui_dch.inf_amd64_6673c5322430fc8a\igfxCUIServiceN.exe","3056"
,"C:\Windows\System32\DriverStore\FileRepository\cui_dch.inf_amd64_6673c5322430fc8a\igfxEMN.exe","9876"
,"C:\Windows\System32\DriverStore\FileRepository\intcoed.inf_amd64_c34ea2dc251566b0\AS\IAS\IntelAudioService.exe","4712"
,"C:\Windows\System32\DriverStore\FileRepository\iigd_dch.inf_amd64_3fd734cf72127ac9\IntelCpHDCPSvc.exe","2372"
,"C:\Program Files\JetBrains\ETW Host\16\JetBrains.Etw.Collector.Host.exe","4828"
,"C:\Windows\System32\DriverStore\FileRepository\dal.inf_amd64_64d7fcfcde9b9c10\jhi_service.exe","4840"
,"C:\Windows\System32\DriverStore\FileRepository\lms.inf_amd64_fddb643595e0b8d0\LMS.exe","4868"
,"C:\Windows\SystemApps\Microsoft.LockApp_cw5n1h2txyewy\LockApp.exe","3660"
,,"872"
,"C:\Windows\system32\lsass.exe","884"
,,"3368"
,"C:\Windows\System32\mousocoreworker.exe","5804"
,"C:\Program Files (x86)\Microsoft\Edge\Application\msedge.exe","6532"
,"C:\Program Files (x86)\Microsoft\Edge\Application\msedge.exe","8124"
,"C:\Program Files (x86)\Microsoft\Edge\Application\msedge.exe","10292"
,"C:\Program Files (x86)\Microsoft\Edge\Application\msedge.exe","15132"
,"C:\Program Files (x86)\Microsoft\Edge\Application\msedge.exe","16612"
,,"5140"
,"C:\Windows\system32\MusNotifyIcon.exe","7572"
,,"3936"
,,"9176"
,"C:\Program Files\obs-studio\bin\64bit\obs64.exe","22436"
,"C:\Program Files\obs-studio\bin\64bit\obs-ffmpeg-mux.exe","9808"
,"C:\Program Files\Common Files\Microsoft Shared\ClickToRun\OfficeClickToRun.exe","4676"
,"C:\Windows\System32\DriverStore\FileRepository\igcc_dch.inf_amd64_a687edda40db3316\OneApp.IGCC.WinService.exe","4656"
,"C:\Windows\system32\WindowsPowerShell\v1.0\PowerShell_ISE.exe","5904"
,"C:\Windows\Microsoft.Net\Framework64\v3.0\WPF\PresentationFontCache.exe","4172"
,"C:\Program Files\Rivet Networks\SmartByte\RAPS.exe","7032"
,"C:\Program Files\Rivet Networks\SmartByte\RAPSService.exe","6776"
,,"132"
,"C:\Riot Games\Riot Client\RiotClientCrashHandler.exe","15308"
,"C:\Riot Games\Riot Client\RiotClientServices.exe","15236"
,"C:\Windows\System32\DriverStore\FileRepository\iastorvd.inf_amd64_15c9ea6001a5206d\RstMwService.exe","5076"
,"C:\Windows\System32\DriverStore\FileRepository\realtekservice.inf_amd64_444148fa7298b49f\RtkAudUService64.exe","5024"
,"C:\Windows\System32\DriverStore\FileRepository\realtekservice.inf_amd64_444148fa7298b49f\RtkAudUService64.exe","7960"
,"C:\Windows\System32\DriverStore\FileRepository\realtekservice.inf_amd64_444148fa7298b49f\RtkAudUService64.exe","11064"
,"C:\Windows\system32\rundll32.exe","7260"
,"C:\Windows\System32\RuntimeBroker.exe","10448"
,"C:\Windows\System32\RuntimeBroker.exe","10532"
,"C:\Windows\System32\RuntimeBroker.exe","10924"
,"C:\Windows\System32\RuntimeBroker.exe","12488"
,"C:\Windows\System32\RuntimeBroker.exe","21424"
,"C:\Windows\system32\wbem\scrcons.exe","7276"
,"C:\Program Files\Microsoft Office\Root\Office16\SDXHelper.exe","15612"
,"C:\Windows\SystemApps\Microsoft.Windows.Search_cw5n1h2txyewy\SearchApp.exe","19944"
,"C:\Windows\system32\SearchIndexer.exe","9844"
,,"72"
,,"7228"
,"C:\Windows\System32\SecurityHealthSystray.exe","11964"
,"C:\Program Files\McAfee\WebAdvisor\ServiceHost.exe","4924"
,,"784"
,"C:\Program Files (x86)\Dell\UpdateService\ServiceShell.exe","13660"
,,"13300"
,"C:\Windows\SystemApps\ShellExperienceHost_cw5n1h2txyewy\ShellExperienceHost.exe","17224"
,"C:\Windows\system32\sihost.exe","2104"
,"C:\Program Files\Rivet Networks\SmartByte\SmartByteAnalyticsService.exe","5104"
,"C:\Program Files\Rivet Networks\SmartByte\SmartByteNetworkService.exe","5116"
,"C:\Windows\System32\smartscreen.exe","10104"
,,"752"
,"C:\Windows\System32\spoolsv.exe","4152"
,"C:\Windows\SystemApps\Microsoft.Windows.StartMenuExperienceHost_cw5n1h2txyewy\StartMenuExperienceHost.exe","23348"
,"C:\Program Files (x86)\Steam\steam.exe","20672"
,"C:\Program Files (x86)\Common Files\Steam\steamservice.exe","19648"
,"C:\Program Files (x86)\Steam\bin\cef\cef.win7x64\steamwebhelper.exe","7216"
,"C:\Program Files (x86)\Steam\bin\cef\cef.win7x64\steamwebhelper.exe","15736"
,"C:\Program Files (x86)\Steam\bin\cef\cef.win7x64\steamwebhelper.exe","17860"
,"C:\Program Files (x86)\Steam\bin\cef\cef.win7x64\steamwebhelper.exe","21232"
,"C:\Program Files (x86)\Steam\bin\cef\cef.win7x64\steamwebhelper.exe","21540"
,"C:\Program Files (x86)\Steam\bin\cef\cef.win7x64\steamwebhelper.exe","21832"
,"C:\Program Files (x86)\Steam\bin\cef\cef.win7x64\steamwebhelper.exe","23196"
,"C:\Program Files\Dell\SupportAssistAgent\bin\SupportAssistAgent.exe","1372"
,"C:\Windows\System32\svchost.exe","780"
,"C:\Windows\system32\svchost.exe","904"
,"C:\Windows\system32\svchost.exe","1220"
,"C:\Windows\system32\svchost.exe","1328"
,"C:\Windows\system32\svchost.exe","1348"
,"C:\Windows\system32\svchost.exe","1440"
,"C:\Windows\system32\svchost.exe","1680"
,"C:\Windows\System32\svchost.exe","1688"
,"C:\Windows\system32\svchost.exe","1712"
,"C:\Windows\system32\svchost.exe","1716"
,"C:\Windows\system32\svchost.exe","1732"
,"C:\Windows\system32\svchost.exe","1760"
,"C:\Windows\system32\svchost.exe","1780"
,"C:\Windows\system32\svchost.exe","1788"
,"C:\Windows\system32\svchost.exe","1836"
,"C:\Windows\system32\svchost.exe","1956"
,"C:\Windows\system32\svchost.exe","1972"
,"C:\Windows\system32\svchost.exe","2112"
,"C:\Windows\system32\svchost.exe","2128"
,"C:\Windows\system32\svchost.exe","2256"
,"C:\Windows\system32\svchost.exe","2296"
,"C:\Windows\system32\svchost.exe","2364"
,"C:\Windows\system32\svchost.exe","2420"
,"C:\Windows\System32\svchost.exe","2492"
,"C:\Windows\system32\svchost.exe","2520"
,"C:\Windows\system32\svchost.exe","2536"
,"C:\Windows\system32\svchost.exe","2544"
,"C:\Windows\system32\svchost.exe","2552"
,"C:\Windows\system32\svchost.exe","2608"
,"C:\Windows\system32\svchost.exe","2768"
,"C:\Windows\System32\svchost.exe","2868"
,"C:\Windows\system32\svchost.exe","2900"
,"C:\Windows\system32\svchost.exe","2940"
,"C:\Windows\System32\svchost.exe","3076"
,"C:\Windows\system32\svchost.exe","3144"
,"C:\Windows\System32\svchost.exe","3216"
,"C:\Windows\system32\svchost.exe","3220"
,"C:\Windows\system32\svchost.exe","3296"
,"C:\Windows\System32\svchost.exe","3356"
,"C:\Windows\system32\svchost.exe","3380"
,"C:\Windows\system32\svchost.exe","3492"
,"C:\Windows\system32\svchost.exe","3496"
,"C:\Windows\system32\svchost.exe","3568"
,"C:\Windows\System32\svchost.exe","3600"
,"C:\Windows\System32\svchost.exe","3656"
,"C:\Windows\system32\svchost.exe","3720"
,"C:\Windows\system32\svchost.exe","3748"
,"C:\Windows\System32\svchost.exe","3792"
,"C:\Windows\system32\svchost.exe","3912"
,"C:\Windows\System32\svchost.exe","4016"
,"C:\Windows\system32\svchost.exe","4140"
,"C:\Windows\system32\svchost.exe","4204"
,"C:\Windows\System32\svchost.exe","4336"
,"C:\Windows\system32\svchost.exe","4508"
,"C:\Windows\system32\svchost.exe","4512"
,"C:\Windows\System32\svchost.exe","4516"
,"C:\Windows\System32\svchost.exe","4636"
,"C:\Windows\System32\svchost.exe","4644"
,"C:\Windows\system32\svchost.exe","4668"
,"C:\Windows\system32\svchost.exe","4684"
,"C:\Windows\system32\svchost.exe","4724"
,"C:\Windows\system32\svchost.exe","4884"
,"C:\Windows\system32\svchost.exe","4980"
,"C:\Windows\system32\svchost.exe","5124"
,"C:\Windows\System32\svchost.exe","5368"
,"C:\Windows\System32\svchost.exe","5432"
,"C:\Windows\System32\svchost.exe","5464"
,"C:\Windows\system32\svchost.exe","5624"
,"C:\Windows\System32\svchost.exe","5836"
,"C:\Windows\System32\svchost.exe","6152"
,"C:\Windows\system32\svchost.exe","6512"
,"C:\Windows\system32\svchost.exe","7608"
,"C:\Windows\system32\svchost.exe","7760"
,"C:\Windows\System32\svchost.exe","7808"
,"C:\Windows\System32\svchost.exe","7880"
,"C:\Windows\System32\svchost.exe","9288"
,"C:\Windows\system32\svchost.exe","9548"
,"C:\Windows\system32\svchost.exe","9584"
,"C:\Windows\system32\svchost.exe","10068"
,"C:\Windows\system32\svchost.exe","10088"
,"C:\Windows\System32\svchost.exe","10556"
,"C:\Windows\System32\svchost.exe","12212"
,"C:\Windows\system32\svchost.exe","12544"
,"C:\Windows\system32\svchost.exe","13096"
,"C:\Windows\system32\svchost.exe","14132"
,"C:\Windows\system32\svchost.exe","14232"
,,"15768"
,,"16808"
,"C:\Windows\System32\svchost.exe","16856"
,"C:\Windows\system32\svchost.exe","16904"
,"C:\Windows\System32\svchost.exe","17168"
,"C:\Windows\System32\svchost.exe","17532"
,"C:\Windows\system32\svchost.exe","18448"
,"C:\Windows\system32\svchost.exe","19656"
,"C:\Windows\system32\svchost.exe","19924"
,,"20132"
,"C:\Windows\system32\svchost.exe","20720"
,"C:\Windows\System32\svchost.exe","21952"
,,"4"
,"C:\Windows\system32\taskhostw.exe","2204"
,"C:\Windows\system32\taskhostw.exe","8928"
,"C:\Windows\system32\taskhostw.exe","16364"
,"C:\Windows\TbtP2pShortcutService.exe","4544"
,"C:\Windows\SystemApps\MicrosoftWindows.Client.CBS_cw5n1h2txyewy\TextInputHost.exe","1336"
,"C:\Program Files\TortoiseSVN\bin\TSVNCache.exe","10360"
,"C:\Program Files\TortoiseSVN\bin\TSVNCache.exe","13544"
,"C:\Program Files\McAfee\WebAdvisor\UIHost.exe","1244"
,"C:\Windows\System32\oobe\UserOOBEBroker.exe","16464"
,"C:\Windows\System32\DriverStore\FileRepository\wavesapo10de.inf_amd64_f7373b847419c8d1\WavesAudioService.exe","4732"
,"C:\Windows\System32\DriverStore\FileRepository\wavesapo10de.inf_amd64_f7373b847419c8d1\WavesSvc64.exe","6092"
,"C:\Windows\System32\DriverStore\FileRepository\wavesapo10de.inf_amd64_f7373b847419c8d1\WavesSysSvc64.exe","8984"
,,"980"
,"C:\Windows\system32\winlogon.exe","1052"
,"C:\Windows\system32\WLANExt.exe","4344"
,"C:\Windows\system32\wbem\wmiprvse.exe","800"
,"C:\Windows\system32\wbem\wmiprvse.exe","7936"
,"C:\Windows\system32\wbem\wmiprvse.exe","17520"
,"C:\Windows\system32\wbem\wmiprvse.exe","18204"
,"C:\Windows\System32\DriverStore\FileRepository\mewmiprov.inf_amd64_f3c201b4c28c14d0\WMIRegistrationService.exe","4592"
,"C:\Windows\system32\WpcMon.exe","9956"
,"C:\Program Files\WindowsApps\MicrosoftCorporationII.WindowsSubsystemForLinux_1.2.5.0_x64__8wekyb3d8bbwe\wslservice.exe","6996"
,"C:\Windows\System32\WUDFHost.exe","1272"
,"C:\Windows\System32\WUDFHost.exe","1356"
,"C:\Windows\System32\WUDFHost.exe","1504"
